Supplementary Table 3 .  Old world Database of functional LP alleles,,,,,,,,,,,,,,
,,,,,,rs145946881,ss820486563,rs41380347,rs4988235,rs41525747,*,*,,
 Continent/Region, Country, Population/Region, Longitude, Latitude, Number of chromosomes, -14010 G>C, -14009 T>G, -13915 T>G, -13910 C>T, -13907 C>G, Sum of all LP    assoicated alleles,LP phenotype calculated from Genotype, REFERENCE,
Africa,Algeria,Algerian,-1.315,34.8783333,21,-,-,-,0.333,-,0.333,0.5551110000000001,"Mulcare (2006) PhD thesis, UCL",
Africa,Algeria,Berber Mzab,3.678539,32.489059,66,-,-,0,0.17,0,0.17,0.3111,"Myles et al.  (2005) Hum Genet. 117, 34",
Africa,Algeria,Mozabite,3.678539,32.489059,60,-,-,-,0.217,-,0.217,0.386911,"Bersaglieri et al. (2004) Am J Hum Genet. 74, 1111",
Africa,Algeria,Mozabite Berbers,3.67347,32.49094,44,0,0,0,0.22727272727272702,0,0.22727272727272702,0.4028925619834707,"Ranciaro et al. (2014) Am J Hum Genet. 94, 496",
Africa,Angola,!Xun,17.6985,-14.6594,40,0.05,0,0,0,0,0.05,0.0975,"Breton et al. (2014) Curr Biol. 24, 852",
Africa,Angola,!Xuun,15.99,-16.34,72,0.014,0,0,0,0,0.014,0.027804000000000002,"Pinto et al. (2016) Am J Phys Anthropol. 161, 436",
Africa,Angola,Himba,12.58,-16.98,138,0.08700000000000001,0,0,0.00725,0,0.09425000000000001,0.17961693750000002,"Pinto et al. (2016) Am J Phys Anthropol. 161, 436",
Africa,Angola,Kuvale,12.1522222,-15.1961111,108,0.06,-,0,0,0,0.06,0.11639999999999999,"Coelho et al. (2009) BMC Evol Biol. 9, 80",
Africa,Angola,Kuvale,12.95,-15.64,162,0.037,0,0,0.00617,0,0.04317,0.0844763511,"Pinto et al. (2016) Am J Phys Anthropol. 161, 436",
Africa,Angola,Kwepe,12.11,-15.78,68,0.044,0,0,0,0,0.044,0.08606399999999999,"Pinto et al. (2016) Am J Phys Anthropol. 161, 436",
Africa,Angola,Kwisi,12.62,-15.92,40,0.17500000000000002,0,0,0,0,0.17500000000000002,0.319375,"Pinto et al. (2016) Am J Phys Anthropol. 161, 436",
Africa,Angola,Nyaneka-Nkhumbi,12.1522222,-15.1961111,306,0.03,-,0,0,0,0.03,0.05909999999999999,"Coelho et al. (2009) BMC Evol Biol. 9, 80",
Africa,Angola,Ovimbundu,12.1522222,-15.1961111,192,0.01,-,0,0,0,0.01,0.0199,"Coelho et al. (2009) BMC Evol Biol. 9, 80",
Africa,Angola,Tjimba,12.65,-17.06,30,0.233,0,0,0,0,0.233,0.41171100000000005,"Pinto et al. (2016) Am J Phys Anthropol. 161, 436",
Africa,Angola,Twa,13.44,-16.7,36,0.194,0,0,0,0,0.194,0.350364,"Pinto et al. (2016) Am J Phys Anthropol. 161, 436",
Africa,"Angola, Namibia Botswana",Khwe,23.5729,-17.8682,38,0.026000000000000002,0,0,0,0,0.026000000000000002,0.05132400000000001,"Breton et al. (2014) Curr Biol. 24, 852",
Africa,Botswana,/Gui and //Ganab,24.0488,-23.4223,40,0.075,0,0,0,0,0.075,0.144375,"Breton et al. (2014) Curr Biol. 24, 852",
Africa,Botswana,Buga,22.313,-18.48,18,0,0,0,0,0,0,0,"Macholdt et al. (2014) Curr Biol. 24, 875",
Africa,Botswana,G|ui,22.687,-22.051,34,0.088,0,0,0,0,0.088,0.168256,"Macholdt et al. (2014) Curr Biol. 24, 875",
Africa,Botswana,Gǁana,22.687,-22.051,20,0.2,0,0,0,0,0.2,0.3600000000000001,"Macholdt et al. (2014) Curr Biol. 24, 875",
Africa,Botswana,Ju|'hoan_North,21.237,-20.236,42,0.024,0,0,0,0,0.024,0.047424,"Macholdt et al. (2014) Curr Biol. 24, 875",
Africa,Botswana,Ju|'hoan_South,21.237,-20.236,52,0.058,0,0,0,0,0.058,0.112636,"Macholdt et al. (2014) Curr Biol. 24, 875",
Africa,Botswana,Kgalagadi,23.016,-24.892,40,0,0,0,0,0,0,0,"Macholdt et al. (2014) Curr Biol. 24, 875",
Africa,Botswana,Naro,21.368,-22.01,38,0.053,0,0,0,0,0.053,0.103191,"Macholdt et al. (2014) Curr Biol. 24, 875",
Africa,Botswana,Shua,24.95,-20.803,54,0.074,0,0,0,0,0.074,0.142524,"Macholdt et al. (2014) Curr Biol. 24, 875",
Africa,Botswana,Taa_East,23.016,-24.892,22,0.045,0,0,0,0,0.045,0.087975,"Macholdt et al. (2014) Curr Biol. 24, 875",
Africa,Botswana,Taa_North,21.412,-22.964,22,0,0,0,0,0,0,0,"Macholdt et al. (2014) Curr Biol. 24, 875",
Africa,Botswana,Taa_West,20.182,-23.791,40,0.025,0,0,0,0,0.025,0.049375,"Macholdt et al. (2014) Curr Biol. 24, 875",
Africa,Botswana,Tshwa,24.95,-20.803,30,0.167,0,0,0,0,0.167,0.306111,"Macholdt et al. (2014) Curr Biol. 24, 875",
Africa,Botswana,Tswana,25.895,-23.711,36,0.028,0,0,0,0,0.028,0.055216,"Macholdt et al. (2014) Curr Biol. 24, 875",
Africa,Botswana,ǁAni,22.313,-18.48,22,0.091,0,0,0,0,0.091,0.173719,"Macholdt et al. (2014) Curr Biol. 24, 875",
Africa,Botswana,ǂHoan,23.016,-24.892,14,0,0,0,0,0,0,0,"Macholdt et al. (2014) Curr Biol. 24, 875",
Africa,Cameroon,Arabic Baggara,14.666667,11.333333,62,0,0.016,0.032258064516129004,0.08064516129032259,0,0.12890322580645158,0.24119040998959412,"Ranciaro et al. (2014) Am J Hum Genet. 94, 496",
Africa,Cameroon,Bakola,10.41667,3.08333,56,0,0,0,0,0,0,0,"Ranciaro et al. (2014) Am J Hum Genet. 94, 496",
Africa,Cameroon,Fulani,14.150005,11.049986,102,0,0,0,0.391,0,0.391,0.629119,"Ingram et al. (2007) Hum Genet. 120, 779",
Africa,Cameroon,Fulani,14.5,10.5,48,0,0,0,0.22916666666666702,0,0.22916666666666702,0.40581597222222276,"Ranciaro et al. (2014) Am J Hum Genet. 94, 496",
Africa,Cameroon,Fulbe,14.150005,11.049986,102,-,-,-,0.20588235,-,0.20588235,0.3693771579584775,"Coelho et al. (2005) Hum Genet. 117, 329",
Africa,Cameroon,Hausa,11.55,6.4666667,36,-,-,-,0.139,-,0.139,0.258679,"Mulcare et al. (2004) Am J Hum Genet. 74, 1102",
Africa,Cameroon,Mambila,12.5,6,134,0,0,0,0,0,0,0,"Jones et al. (2015) Hum Genet. 134, 917",
Africa,Cameroon,Mandara,14.24167,10.97809,42,0,0,0,0,0,0,0,"Ranciaro et al. (2014) Am J Hum Genet. 94, 496",
Africa,Cameroon,Nso,10.6666667,6.2,252,-,-,-,0,-,0,0,"Mulcare et al. (2004) Am J Hum Genet. 74, 1102",
Africa,Cameroon,Ouldoume,14.24167,10.97809,36,0,0,0,0,0,0,0,"Ranciaro et al. (2014) Am J Hum Genet. 94, 496",
Africa,Cameroon,Pygmy,14.7520939,2.9182767,36,0,0,0,0,0,0,0,"Jones et al. (2015) Hum Genet. 134, 917",
Africa,Cameroon,Shuwa Arabs,14.5,13,124,0,0,0.08064516129032259,0.0161290322580645,0,0.0967741935483871,0.18418314255983348,"Jones et al. (2015) Hum Genet. 134, 917",
Africa,Cameroon,Yamba,11.55,6.4666667,42,-,-,-,0,-,0,0,"Mulcare et al. (2004) Am J Hum Genet. 74, 1102",
Africa,Chad,Abbala,15.31,14.12,54,0,0.037,0.463,0.019,0,0.519,0.7686390000000001,"Priehodová et al. (2014) Hum Biol. 86, 7",
Africa,Chad,Baggara2,17.95,13.18,100,-,-,0.26,-,-,0.26,0.4524,Priehodová et al. (2017) Am J Hum Biol. 29,
Africa,Chad,Boulala,17.53792,12.88501,44,0,0,0,0.0227272727272727,0,0.0227272727272727,0.04493801652892557,"Ranciaro et al. (2014) Am J Hum Genet. 94, 496",
Africa,Chad,Laka,15.965,7.8778,46,0,0,0,0,0,0,0,"Ranciaro et al. (2014) Am J Hum Genet. 94, 496",
Africa,Chad,Ngambay,16.31991,8.983270000000001,48,0,0,0,0,0,0,0,"Ranciaro et al. (2014) Am J Hum Genet. 94, 496",
Africa,Congo,Brazzaville,15.28333,-4.266667,104,0,0,0,0,0,0,0,"Jones et al. (2015) Hum Genet. 134, 917",
Africa,Congo,Manyanga,14.164,-4.9119,22,0,0,0,0,0,0,0,"Breton et al. (2014) Curr Biol. 24, 852",
Africa,Congo,Mbuti,29.966667,1.85,30,0,0,0,0,0,0,0,"Ranciaro et al. (2014) Am J Hum Genet. 94, 496",
Africa,Egypt ,Egyptian Arabs,28.66,28.02,68,0,0.059000000000000004,0.015,0,0,0.07400000000000001,0.142524,"Priehodová et al. (2014) Hum Biol. 86, 7",
Africa,Ethiopia,Afar,41.36039,11.60212,152,0.0065789473684210505,0.0065789473684210505,0.18421052631578902,0.0131578947368421,0.243421052631579,0.4539473684210522,0.701826523545706,"Jones et al. (2015) Hum Genet. 134, 917",
Africa,Ethiopia,Amhara,38.65951,9.869192,152,0,0.0263157894736842,0.0394736842105263,0,0.0592105263157895,0.125,0.234375,"Jones et al. (2015) Hum Genet. 134, 917",
Africa,Ethiopia,Amhara (phenotyped),38.65951,9.869192,108,0,0.046,0.056,0,0.019,0.12100000000000001,0.22735900000000003,"Jones et al. (2013) Am J Hum Genet. 93, 538",
Africa,Ethiopia,"Amhara, Tigray and Oromo",32,15,80,-,-,0.1,0,0.1125,0.21250000000000002,0.37984375000000004,"Hassan et al. (2016) BMC Res Notes. 9, 8 ",
Africa,Ethiopia,Anuak,34.41219,7.953241,138,0,0,0,0,0,0,0,"Jones et al. (2015) Hum Genet. 134, 917",
Africa,Ethiopia,Beta Israel (Ethiopian Jews),37.466667,12.6,36,0,0,0.0277777777777778,0,0.0833333333333333,0.1111111111111111,0.20987654320987653,"Ranciaro et al. (2014) Am J Hum Genet. 94, 496",
Africa,Ethiopia,Maale,36.64333,5.714812,132,0,0.053030303030303004,0.0378787878787879,0,0.0227272727272727,0.11363636363636362,0.21435950413223137,"Jones et al. (2015) Hum Genet. 134, 917",
Africa,Ethiopia,Manjo,36.233333,7.266667,80,0,0.025,0,0,0.0125,0.037500000000000006,0.07359375000000001,"Jones et al. (2015) Hum Genet. 134, 917",
Africa,Ethiopia,Nuer,34.5833333,8.25,74,0,0,0,0,0,0,0,"Jones et al. (2015) Hum Genet. 134, 917",
Africa,Ethiopia,Oromo,37.30817,7.83736,152,0.0131578947368421,0.032894736842105296,0.0723684210526316,0,0.0657894736842105,0.1842105263157895,0.3344875346260388,"Jones et al. (2015) Hum Genet. 134, 917",
Africa,Ethiopia,Shabo,35.4069,7.5612,48,0,0,0,0,0,0,0,"Jones et al. (2015) Hum Genet. 134, 917",
Africa,Ethiopia,Somali,41.867,9.583,74,0.027,0.013000000000000001,0.041,0,0.095,0.176,0.32102400000000003,"Ingram (2009) J Mol Evol. 69, 579",
Africa,Ethiopia,Somali (phenotyped),41.867,9.583,188,0.005319099999999999,0.0159574,0.0531914,0.0212765957446809,0.0691489361702128,0.1648934319148937,0.3025970199411157,"Ingram (2009) J Mol Evol. 69, 579, corrected Liebert",
Africa,Ethiopia,Suri,35.5874,6.997,100,0.04,0,0,0,0,0.04,0.0784,"Jones et al. (2015) Hum Genet. 134, 917",
Africa,Ethiopia ,Oromo (phenotyped),37.30817,7.83736,150,0.007,0.033,0.133,0,0.053,0.226,0.400924,"Jones et al. (2013) Am J Hum Genet. 93, 538",
Africa,Ethiopia ,Tigray,39.47353,13.49614,88,0,0.034,0.114,0,0.193,0.341,0.5657190000000001,"Jones et al. (2013) Am J Hum Genet. 93, 538",
Africa,Ethiopia ,Wolayta,37.761619,6.839148,52,0.019,0.039,0.115,0,0.078,0.251,0.43899900000000003,"Jones et al. (2013) Am J Hum Genet. 93, 538",
Africa,Ghana,Akan,-1.023194,7.946527,392,0,-,0,0,0,0,0,"Torniainen et al. (2009) BMC Genet. 10, 31",
Africa,Ghana,Asante,-0.55,6.17,70,0,0,0,0,0,0,0,"Jones et al. (2015) Hum Genet. 134, 917",
Africa,Ghana,Builsa,-1.2891036,10.5270061,42,0,0,0,0,0,0,0,"Jones et al. (2015) Hum Genet. 134, 917",
Africa,Kenya,Bajun,40.1191,-3.21748,10,0,0,0,0,0,0,0,"Ranciaro et al. (2014) Am J Hum Genet. 94, 496",
Africa,Kenya,Boni,40.48838,-2.2144500000000003,48,0.208333333333333,0,0,0,0,0.208333333333333,0.37326388888888834,"Ranciaro et al. (2014) Am J Hum Genet. 94, 496",
Africa,Kenya,Borana,38.015556,2.333056,34,0.08823529411764709,0,0.08823529411764709,0,0.11764705882352901,0.2941176470588232,0.501730103806228,"Ranciaro et. al. (2014) Am J Hum Genet. 94, 496,  and Tishkoff et al. (2007) Nat Genet. 39, 31",
Africa,Kenya,Burji,37.783333,5.599722,16,0.0625,0,0.0625,0,0,0.125,0.234375,"Ranciaro et. al. (2014) Am J Hum Genet. 94, 496,  and Tishkoff et al. (2007) Nat Genet. 39, 31",
Africa,Kenya,Dikri Maasai,37.16299,0.39608000000000004,2,0,0,0,0,0,0,0,"Ranciaro et al. (2014) Am J Hum Genet. 94, 496",
Africa,Kenya,Elmolo,36.683333,2.833056,32,0.21875000000000003,0,0.03125,0,0,0.25,0.4375,"Ranciaro et. al. (2014) Am J Hum Genet. 94, 496,  and Tishkoff et al. (2007) Nat Genet. 39, 31",
Africa,Kenya,Gabra/Gabramigos,37.066667,3.316667,82,0.0487804878048781,0,0.195121951219512,0,0.08536585365853659,0.3292682926829267,0.5501189767995239,"Ranciaro et. al. (2014) Am J Hum Genet. 94, 496,  and Tishkoff et al. (2007) Nat Genet. 39, 31",
Africa,Kenya,Garreh,39.243333,3.473056,38,0,0,0.157894736842105,0,0.0789473684210526,0.2368421052631576,0.41759002770083054,"Ranciaro et al. (2014) Am J Hum Genet. 94, 496",
Africa,Kenya,Il'gwesi Maasai,37.144167,0.36666699999999997,22,0.6818181818181821,0,0,0,0,0.6818181818181821,0.8987603305785126,"Ranciaro et. al. (2014) Am J Hum Genet. 94, 496,  and Tishkoff et al. (2007) Nat Genet. 39, 31",
Africa,Kenya,Ilchamus Maasai,36.08,0.513056,20,0.55,0,0,0,0.05,0.6000000000000001,0.8400000000000001,"Ranciaro et. al. (2014) Am J Hum Genet. 94, 496,  and Tishkoff et al. (2007) Nat Genet. 39, 31",
Africa,Kenya,Kikuyu,37.14958,-0.7189,14,0.5,0,0,0,0,0.5,0.75,"Ranciaro et. al. (2014) Am J Hum Genet. 94, 496,  and Tishkoff et al. (2007) Nat Genet. 39, 31",
Africa,Kenya,Konso,37.48333,5.25,24,0.0833333333333333,0,0.0833333333333333,0,0,0.1666666666666666,0.3055555555555554,"Ranciaro et. al. (2014) Am J Hum Genet. 94, 496,  and Tishkoff et al. (2007) Nat Genet. 39, 31",
Africa,Kenya,Luo,34.531111,-0.11472199999999999,44,0.0454545454545455,0,0,0,0,0.0454545454545455,0.08884297520661165,"Ranciaro et al. (2014) Am J Hum Genet. 94, 496",
Africa,Kenya,Marakwet,35.256667,1.086111,14,0.35714285714285704,0,0.0714285714285714,0,0,0.42857142857142844,0.6734693877551019,"Ranciaro et. al. (2014) Am J Hum Genet. 94, 496,  and Tishkoff et al. (2007) Nat Genet. 39, 31",
Africa,Kenya,Mumonyot Maasai,37.144167,0.43333299999999997,14,0.5,0,0,0,0.0714285714285714,0.5714285714285714,0.8163265306122449,"Ranciaro et. al. (2014) Am J Hum Genet. 94, 496,  and Tishkoff et al. (2007) Nat Genet. 39, 31",
Africa,Kenya,Nandi,35.18378,0.1066,8,0.25,-,0,0,0,0.25,0.4375,"Tishkoff et al. (2007) Nat Genet. 39, 31",
Africa,Kenya,Ogiek,35.825556,-0.36916699999999997,22,0.36363636363636404,0,0,0,0,0.36363636363636404,0.59504132231405,"Ranciaro et. al. (2014) Am J Hum Genet. 94, 496,  and Tishkoff et al. (2007) Nat Genet. 39, 31",
Africa,Kenya,Orma,40.43792,-2.3858,48,0.22916666666666702,0,0.125,0,0.0208333333333333,0.37500000000000033,0.6093750000000004,"Ranciaro et al. (2014) Am J Hum Genet. 94, 496",
Africa,Kenya,Pare Kenya,37.761389,-3.483056,36,0.194444444444444,0,0,0,0,0.194444444444444,0.35108024691357953,"Ranciaro et al. (2014) Am J Hum Genet. 94, 496",
Africa,Kenya,Pokomo,40.1191,-3.21748,14,0,0,0,0,0,0,0,"Ranciaro et al. (2014) Am J Hum Genet. 94, 496",
Africa,Kenya,Pokot,36.090278,0.683333,28,0.28571428571428603,0,0.0357142857142857,0,0,0.32142857142857173,0.5395408163265311,"Ranciaro et. al. (2014) Am J Hum Genet. 94, 496,  and Tishkoff et al. (2007) Nat Genet. 39, 31",
Africa,Kenya,Purko Maasai,36.090278,0.683333,2,1,-,0,0,0,1,1,"Tishkoff et al. (2007) Nat Genet. 39, 31Tishkoff et al. (2007) Nat Genet. 39, 31Tishkoff et al. (2007) Nat Genet. 39, 31Tishkoff et al. (2007) Nat Genet. 39, 31Tishkoff et al. (2007) Nat Genet. 39, 31Tishkoff et al. (2007) Nat Genet. 39, 31Tishkoff et al. (2007) Nat Genet. 39, 31Tishkoff et al. (2007) Nat Genet. 39, 31Tishkoff et al. (2007) Nat Genet. 39, 31Tishkoff et al. (2007) Nat Genet. 39, 31Tishkoff et al. (2007) Nat Genet. 39, 31Tishkoff et al. (2007) Nat Genet. 39, 31Tishkoff et al. (2007) Nat Genet. 39, 31Tishkoff et al. (2007) Nat Genet. 39, 31Tishkoff et al. (2007) Nat Genet. 39, 31Tishkoff et al. (2007) Nat Genet. 39, 31Tishkoff et al. (2007) Nat Genet. 39, 31Tishkoff et al. (2007) Nat Genet. 39, 31Tishkoff et al. (2007) Nat Genet. 39, 31Tishkoff et al. (2007) Nat Genet. 39, 31Tishkoff et al. (2007) Nat Genet. 39, 31Tishkoff et al. (2007) Nat Genet. 39, 31",
Africa,Kenya,Rendille,37.581389,2.5061109999999998,24,0.0833333333333333,0,0.0833333333333333,0,0.0416666666666667,0.20833333333333331,0.3732638888888889,"Ranciaro et. al. (2014) Am J Hum Genet. 94, 496,  and Tishkoff et al. (2007) Nat Genet. 39, 31",
Africa,Kenya,Sabaot,35.256667,1.086111,12,0.16666666666666702,0,0.0833333333333333,0,0,0.25000000000000033,0.4375000000000005,"Ranciaro et. al. (2014) Am J Hum Genet. 94, 496,  and Tishkoff et al. (2007) Nat Genet. 39, 31",
Africa,Kenya,Samburu,36.69799,1.09679,18,0.277777777777778,0,0.0555555555555556,0,0.0625,0.3958333333333336,0.6349826388888892,"Ranciaro et. al. (2014) Am J Hum Genet. 94, 496,  and Tishkoff et al. (2007) Nat Genet. 39, 31",
Africa,Kenya,Sanye,40.5,-2.366667,28,0.0357142857142857,0,0.0714285714285714,0,0,0.1071428571428571,0.20280612244897953,"Ranciaro et al. (2014) Am J Hum Genet. 94, 496",
Africa,Kenya,Sengwer,35.256667,1.086111,32,0.0625,0,0,0,0,0.0625,0.12109375,"Ranciaro et. al. (2014) Am J Hum Genet. 94, 496,  and Tishkoff et al. (2007) Nat Genet. 39, 31",
Africa,Kenya,Taita,38.2875,-3.403056,20,0.1,0,0,0,0,0.1,0.19000000000000003,"Ranciaro et al. (2014) Am J Hum Genet. 94, 496",
Africa,Kenya,Tugen,35.850556,0.516389,30,0.23333333333333303,0,0,0,0,0.23333333333333303,0.4122222222222217,"Ranciaro et. al. (2014) Am J Hum Genet. 94, 496,  and Tishkoff et al. (2007) Nat Genet. 39, 31",
Africa,Kenya,Turkana,35.994722,0.48333299999999996,26,0.192307692307692,0,0,0,0,0.192307692307692,0.34763313609467406,"Ranciaro et. al. (2014) Am J Hum Genet. 94, 496,  and Tishkoff et al. (2007) Nat Genet. 39, 31",
Africa,Kenya,Wata,37.066667,3.316667,44,0.159090909090909,0,0.159090909090909,0,0.0227272727272727,0.3409090909090907,0.5655991735537187,"Ranciaro et. al. (2014) Am J Hum Genet. 94, 496,  and Tishkoff et al. (2007) Nat Genet. 39, 31",
Africa,Kenya,Yaaku,37.176111,0.44972199999999996,28,0.535714285714286,0,0,0,0.0357142857142857,0.5714285714285717,0.8163265306122451,"Ranciaro et. al. (2014) Am J Hum Genet. 94, 496,  and Tishkoff et al. (2007) Nat Genet. 39, 31",
Africa,Kenya (N.E.) ,Bantu,35.4892,3.317505,24,-,-,-,0,-,0,0,"Bersaglieri et al. (2004) Am J Hum Genet. 74, 1111",
Africa,Malawi,Bantu,33.7833333,-13.9833333,310,-,-,-,0,-,0,0,"Mulcare et al. (2004) Am J Hum Genet. 74, 1102",
Africa,Malawi,Chewa,33.78,-13.98,100,0,0,0,0,0,0,0,"Jones et al. (2015) Hum Genet. 134, 917",
Africa,Morocco,Berber,-3.7666667,34.05,154,-,-,-,0.136,-,0.136,0.253504,"Mulcare et al. (2004) Am J Hum Genet. 74, 1102",
Africa,Morocco,Moroccan,-6.02,34.025,180,-,-,-,0.18,-,0.18,0.3276,"Enattah et al. (2007) Am J Hum Genet. 81, 615",
Africa,Morocco,Moroccan,-6.02,34.025,24,0,-,0.083,0.21,0,0.293,0.500151,"Enattah et al. (2008) Am J Hum Genet. 82, 57",
Africa,Morocco,Saharawi,-6.02,34.025,114,-,-,-,0.26,-,0.26,0.4524,"Enattah et al. (2007) Am J Hum Genet. 81, 615",
Africa,Morocco,Saharawi,-6.02,34.025,22,0,-,0.182,0.23,0,0.41200000000000003,0.6542560000000001,"Enattah et al. (2008) Am J Hum Genet. 82, 57",
Africa,Morocco ,Berber Amizmiz (High-Atlas),-8.233597,29,78,-,-,0,0.14,0,0.14,0.2604,"Myles et al.  (2005) Hum Genet. 117, 34",
Africa,Morocco ,Berber Moyen-Atlas (Mid-Atlas),-4.840603,33.124988,66,-,-,0,0.16,0,0.16,0.2944,"Myles et al.  (2005) Hum Genet. 117, 34",
Africa,Mosambique,Makua,39.36,-15.15,28,0,0,0,0,0,0,0,"Pinto et al. (2016) Am J Phys Anthropol. 161, 436",
Africa,Mosambique,Nyanja,34.1,-14.92,22,0,0,0,0,0,0,0,"Pinto et al. (2016) Am J Phys Anthropol. 161, 436",
Africa,Mosambique,Shangaan,32.89,-24.35,46,0.022,0,0,0,0,0.022,0.04351599999999999,"Pinto et al. (2016) Am J Phys Anthropol. 161, 436",
Africa,Mosambique,Tswa,34.89,-21.91,36,0,0,0,0,0,0,0,"Pinto et al. (2016) Am J Phys Anthropol. 161, 436",
Africa,Mosambique,Yao,35.75,-12.81,30,0,0,0,0,0,0,0,"Pinto et al. (2016) Am J Phys Anthropol. 161, 436",
Africa,Mozambique,"Mozambique (Maputo, Ronga Bantu)",31.583333,-25.966667,94,-,-,-,0.010638,-,0.010638,0.021162832955999997,"Coelho et al. (2005) Hum Genet. 117, 329",
Africa,Mozambique,Sena,35.05,-17.44,136,0,0,0,0,0,0,0,"Jones et al. (2015) Hum Genet. 134, 917",
Africa,Namibia,!Xuun,18.776,-19.047,38,0.053,0,0,0,0,0.053,0.103191,"Macholdt et al. (2014) Curr Biol. 24, 875",
Africa,Namibia,Damara,16.229,-20.35,68,0.044,0,0,0,0,0.044,0.08606399999999999,"Macholdt et al. (2014) Curr Biol. 24, 875",
Africa,Namibia,Haiǁom,16.229,-20.35,80,0.088,0,0,0,0,0.088,0.168256,"Macholdt et al. (2014) Curr Biol. 24, 875",
Africa,Namibia,Herero,17.04,-21.5,42,0.07100000000000001,0,0,0,0,0.07100000000000001,0.136959,"Macholdt et al. (2014) Curr Biol. 24, 875",
Africa,Namibia,Herero (southwestern Bantu speakers),17.0658,-22.56088,28,0,0,0,0,0,0,0,"Breton et al. (2014) Curr Biol. 24, 852",
Africa,Namibia,Himba,13.942,-18.839,32,0.125,0,0,0,0,0.125,0.234375,"Macholdt et al. (2014) Curr Biol. 24, 875",
Africa,Namibia,Ju/’hoansi,20.5037,-19.5985,40,0.025,0,0,0,0,0.025,0.049375,"Breton et al. (2014) Curr Biol. 24, 852",
Africa,Namibia,Nama,17.0658,-22.56088,44,0.20500000000000002,0,0,0.068,0,0.273,0.47147100000000003,"Breton et al. (2014) Curr Biol. 24, 852",
Africa,Namibia,Nama,17.545,-24.693,50,0.36,0,0,0.02,0,0.38,0.6156,"Macholdt et al. (2014) Curr Biol. 24, 875",
Africa,Namibia,San,18.1933,-25.602,14,-,-,-,0,-,0,0,"Bersaglieri et al. (2004) Am J Hum Genet. 74, 1111",
Africa,Namibia,San,18.1933,-25.602,34,0.0588235294117647,0,0,0,0,0.0588235294117647,0.11418685121107265,"Jones et al. (2015) Hum Genet. 134, 917",
Africa,Namibia,San (CEPH),20,-21,10,0,0,0,0,0,0,0,"Ranciaro et al. (2014) Am J Hum Genet. 94, 496",
Africa,Namibia,Wambo,16.578,-17.628,16,0,0,0,0,0,0,0,"Macholdt et al. (2014) Curr Biol. 24, 875",
Africa,Namibia,ǁXo,23.39,-17.964,38,0.079,0,0,0,0,0.079,0.151759,"Macholdt et al. (2014) Curr Biol. 24, 875",
Africa,Nigeria,Shuwa Arabs,14.19,12.34,106,0,0.009000000000000001,0.066,0.085,0,0.16000000000000003,0.29440000000000005,"Priehodová et al. (2014) Hum Biol. 86, 7",
Africa,Nigeria,Yoruba,3.4666667,7.2333333,50,-,-,-,0,-,0,0,"Bersaglieri et al. (2004) Am J Hum Genet. 74, 1111",
Africa,Nigeria,Yoruba,4,8,52,0,0,0,0,0,0,0,"Ranciaro et al. (2014) Am J Hum Genet. 94, 496",
Africa,São Tomé and Príncipe,Sao Tome ,6.727799,0.336767,284,-,-,-,0.04577464,-,0.04577464,0.0894539623328704,"Coelho et al. (2005) Hum Genet. 117, 329",
Africa,Senegal,Mandjak,-15.88,12.986,114,0,0,0,0,0,0,0,"Jones et al. (2015) Hum Genet. 134, 917",
Africa,Senegal,Wolof,-17.453,14.687,138,0,0,0,0,0,0,0,"Jones et al. (2015) Hum Genet. 134, 917",
Africa,Somalia,Somali,45.367,2.067,158,-,-,-,0.03,-,0.03,0.05909999999999999,"Enattah et al. (2007) Am J Hum Genet. 81, 615",
Africa,South Africa,!Xhosa,29,-31.5,42,0.14285714285714302,0,0,0,0,0.14285714285714302,0.26530612244897983,"Ranciaro et al. (2014) Am J Hum Genet. 94, 496",
Africa,South Africa,!Xun/Khoe,24.03333,-28.68333,22,0.0454545454545455,0,0,0,0,0.0454545454545455,0.08884297520661165,"Ranciaro et al. (2014) Am J Hum Genet. 94, 496",
Africa,South Africa,Askham Coloured,20.783,-26.9833,40,0.225,0,0,0.05,0,0.275,0.474375,"Breton et al. (2014) Curr Biol. 24, 852",
Africa,South Africa,Bantu,28.0833333,-26.2,16,-,-,-,0,-,0,0,"Bersaglieri et al. (2004) Am J Hum Genet. 74, 1111",
Africa,South Africa,Colesberg Coloured,25.0703,-30.6913,40,0.025,0,0,0.05,0,0.07500000000000001,0.14437500000000003,"Breton et al. (2014) Curr Biol. 24, 852",
Africa,South Africa,Karretjie,25.0703,-30.6913,40,0.1,0,0,0,0,0.1,0.19000000000000003,"Breton et al. (2014) Curr Biol. 24, 852",
Africa,South Africa,Khomani,20.783,-26.9833,40,0.05,0,0,0.025,0,0.07500000000000001,0.14437500000000003,"Breton et al. (2014) Curr Biol. 24, 852",
Africa,South Africa,Mixed (for example with Europeans),18.4166667,-33.9166667,124,0.065,-,0,0.218,0,0.28300000000000003,0.48591100000000004,"Torniainen et al. (2009) BMC Genet. 10, 31",
Africa,South Africa,Sotho-Tswana,27.670858,-28.549164,32,0.063,0,0,0,0,0.063,0.12203100000000001,"Breton et al. (2014) Curr Biol. 24, 852",
Africa,South Africa,South Africans,28.23,-25.71,40,0.075,0,0,0,0,0.075,0.144375,"Jones et al. (2015) Hum Genet. 134, 917",
Africa,South Africa,South Bantu (CEPH-HGDP),24.25,-25.625,16,0,0,0,0,0,0,0,"Ranciaro et al. (2014) Am J Hum Genet. 94, 496",
Africa,South Africa,Venda,30.48497,-22.94564,36,0,0,0,0,0,0,0,"Ranciaro et al. (2014) Am J Hum Genet. 94, 496",
Africa,South Africa,Wellington Coloured ,19.0097,-33.6405,40,0.1,0,0,0.17500000000000002,0,0.275,0.474375,"Breton et al. (2014) Curr Biol. 24, 852",
Africa,South Africa,Xhosa,20.660042,-34.162688,218,0.133,-,0,0,0,0.133,0.24831100000000003,"Torniainen et al. (2009) BMC Genet. 10, 31",
Africa,South Africa,Zulu,30.958517,-27.907889,50,0.08,0,0,0.04,0,0.12,0.2256,"Breton et al. (2014) Curr Biol. 24, 852",
Africa,South Sudan,Nilotes,31,4,96,-,-,0,0,0,0,0,"Hassan et al. (2016) BMC Res Notes. 9, 8 ",
Africa,Sudan,Ama,30,20,4,0,-,0,0,0,0,0,"Tishkoff et al. (2007) Nat Genet. 39, 31Tishkoff et al. (2007) Nat Genet. 39, 31Tishkoff et al. (2007) Nat Genet. 39, 31Tishkoff et al. (2007) Nat Genet. 39, 31Tishkoff et al. (2007) Nat Genet. 39, 31Tishkoff et al. (2007) Nat Genet. 39, 31Tishkoff et al. (2007) Nat Genet. 39, 31Tishkoff et al. (2007) Nat Genet. 39, 31Tishkoff et al. (2007) Nat Genet. 39, 31Tishkoff et al. (2007) Nat Genet. 39, 31Tishkoff et al. (2007) Nat Genet. 39, 31Tishkoff et al. (2007) Nat Genet. 39, 31Tishkoff et al. (2007) Nat Genet. 39, 31Tishkoff et al. (2007) Nat Genet. 39, 31Tishkoff et al. (2007) Nat Genet. 39, 31Tishkoff et al. (2007) Nat Genet. 39, 31Tishkoff et al. (2007) Nat Genet. 39, 31Tishkoff et al. (2007) Nat Genet. 39, 31",
Africa,Sudan,Baggara1,28.35,11.53,106,-,-,0.198,-,-,0.198,0.35679600000000006,Priehodová et al. (2017) Am J Hum Biol. 29,
Africa,Sudan,Beja Banuamir,36.4001,15.457,12,0,0.23500000000000001,0.16666666666666702,0,0.25,0.6516666666666671,0.8786638888888891,"Ranciaro et. al. (2014) Am J Hum Genet. 94, 496,  and Tishkoff et al. (2007) Nat Genet. 39, 31",
Africa,Sudan,Beja Hadandawa,36.4001,15.457,22,0,0.23500000000000001,0.18181818181818202,0,0.18181818181818202,0.5986363636363641,0.838907231404959,"Ranciaro et. al. (2014) Am J Hum Genet. 94, 496,  and Tishkoff et al. (2007) Nat Genet. 39, 31",
Africa,Sudan,Beni Amer,36,18,74,-,-,0.3378,0,0.14865,0.48645,0.7362663974999999,"Hassan et al. (2016) BMC Res Notes. 9, 8 ",
Africa,Sudan,Beni Amer,37.216,19.616,154,0,0.117,0.24,0.006,0.13,0.493,0.742951,"Jones et al. (2015) Hum Genet. 134, 917",
Africa,Sudan,Copts,32,15,78,-,-,0,0,0,0,0,"Hassan et al. (2016) BMC Res Notes. 9, 8 ",
Africa,Sudan,Darfurians,25,13,98,-,-,0.0102,0,0,0.0102,0.020295960000000002,"Hassan et al. (2016) BMC Res Notes. 9, 8 ",
Africa,Sudan,Dinka,28.5,8.5,18,0,0,0,0,0,0,0,"Ranciaro et. al. (2014) Am J Hum Genet. 94, 496,  and Tishkoff et al. (2007) Nat Genet. 39, 31",
Africa,Sudan,Dinka,30.217636,12.862807,68,-,-,-,0,-,0,0,"Mulcare et al. (2004) Am J Hum Genet. 74, 1102",
Africa,Sudan,Dunglawi,30,20,12,0,0,0,0,0.083,0.083,0.15911100000000003,"Ingram et al. (2007) Hum Genet. 120, 779",
Africa,Sudan,Fulani,24,11,78,-,-,0.0128,0.2692,0.0128,0.29479999999999995,0.50269296,"Hassan et al. (2016) BMC Res Notes. 9, 8 ",
Africa,Sudan,Fulani,24.96,11.08,88,-,-,-,0.48,-,0.48,0.7296,"Enattah et al. (2007) Am J Hum Genet. 81, 615",
Africa,Sudan,Gaali ,32.534,15.588,20,0,-,0,0,0.05,0.05,0.0975,"Enattah et al. (2008) Am J Hum Genet. 82, 57",
Africa,Sudan,Gaalien-Arabs,33,16,80,-,-,0.125,0,0,0.125,0.234375,"Hassan et al. (2016) BMC Res Notes. 9, 8 ",
Africa,Sudan,Halfawien-Nubians,31,21,78,-,-,0.115,0,0.0128,0.1278,0.23926715999999998,"Hassan et al. (2016) BMC Res Notes. 9, 8 ",
Africa,Sudan,Jaali,33.434,16.691,172,0,0.064,0.134,0.006,0.006,0.21000000000000002,0.37590000000000007,"Ingram et al. (2007) Hum Genet. 120, 779 , corrected Jones et al. (2015) Hum Genet. 134, 917",
Africa,Sudan,Koalib,30,20,2,0,-,0,0,0,0,0,"Tishkoff et al. (2007) Nat Genet. 39, 31Tishkoff et al. (2007) Nat Genet. 39, 31Tishkoff et al. (2007) Nat Genet. 39, 31Tishkoff et al. (2007) Nat Genet. 39, 31Tishkoff et al. (2007) Nat Genet. 39, 31Tishkoff et al. (2007) Nat Genet. 39, 31Tishkoff et al. (2007) Nat Genet. 39, 31Tishkoff et al. (2007) Nat Genet. 39, 31Tishkoff et al. (2007) Nat Genet. 39, 31Tishkoff et al. (2007) Nat Genet. 39, 31Tishkoff et al. (2007) Nat Genet. 39, 31Tishkoff et al. (2007) Nat Genet. 39, 31Tishkoff et al. (2007) Nat Genet. 39, 31Tishkoff et al. (2007) Nat Genet. 39, 31Tishkoff et al. (2007) Nat Genet. 39, 31Tishkoff et al. (2007) Nat Genet. 39, 31Tishkoff et al. (2007) Nat Genet. 39, 31",
Africa,Sudan,Liguri/Logorik,30,20,2,0,-,0,0,0,0,0,"Tishkoff et al. (2007) Nat Genet. 39, 31Tishkoff et al. (2007) Nat Genet. 39, 31Tishkoff et al. (2007) Nat Genet. 39, 31Tishkoff et al. (2007) Nat Genet. 39, 31Tishkoff et al. (2007) Nat Genet. 39, 31Tishkoff et al. (2007) Nat Genet. 39, 31Tishkoff et al. (2007) Nat Genet. 39, 31Tishkoff et al. (2007) Nat Genet. 39, 31Tishkoff et al. (2007) Nat Genet. 39, 31Tishkoff et al. (2007) Nat Genet. 39, 31Tishkoff et al. (2007) Nat Genet. 39, 31Tishkoff et al. (2007) Nat Genet. 39, 31Tishkoff et al. (2007) Nat Genet. 39, 31Tishkoff et al. (2007) Nat Genet. 39, 31Tishkoff et al. (2007) Nat Genet. 39, 31Tishkoff et al. (2007) Nat Genet. 39, 31",
Africa,Sudan,Mahas ,32.534,15.588,30,0,-,0.17,0,0,0.17,0.3111,"Enattah et al. (2008) Am J Hum Genet. 82, 57",
Africa,Sudan,Mahas-Nubians,30,19,78,-,-,0.0385,0,0.012820000000000002,0.051320000000000005,0.10000625760000001,"Hassan et al. (2016) BMC Res Notes. 9, 8 ",
Africa,Sudan,Masalit,30,20,2,0,-,0,0,0,0,0,"Tishkoff et al. (2007) Nat Genet. 39, 31Tishkoff et al. (2007) Nat Genet. 39, 31Tishkoff et al. (2007) Nat Genet. 39, 31Tishkoff et al. (2007) Nat Genet. 39, 31Tishkoff et al. (2007) Nat Genet. 39, 31Tishkoff et al. (2007) Nat Genet. 39, 31Tishkoff et al. (2007) Nat Genet. 39, 31Tishkoff et al. (2007) Nat Genet. 39, 31Tishkoff et al. (2007) Nat Genet. 39, 31Tishkoff et al. (2007) Nat Genet. 39, 31Tishkoff et al. (2007) Nat Genet. 39, 31Tishkoff et al. (2007) Nat Genet. 39, 31Tishkoff et al. (2007) Nat Genet. 39, 31Tishkoff et al. (2007) Nat Genet. 39, 31Tishkoff et al. (2007) Nat Genet. 39, 31Tishkoff et al. (2007) Nat Genet. 39, 31",
Africa,Sudan,Nuba,29,11,80,-,-,0.025,0,0,0.025,0.049375,"Hassan et al. (2016) BMC Res Notes. 9, 8 ",
Africa,Sudan,Nuer,32,8,10,0,0,0,0,0,0,0,"Ranciaro et. al. (2014) Am J Hum Genet. 94, 496,  and Tishkoff et al. (2007) Nat Genet. 39, 31",
Africa,Sudan,Nyimang,30.75,12.45,12,0,0,0,0,0,0,0,"Ranciaro et al. (2014) Am J Hum Genet. 94, 496",
Africa,Sudan,Rashaayda,36.3,15.35,104,0,0,0.769,0,0,0.769,0.946639,"Priehodová et al. (2014) Hum Biol. 86, 7",
Africa,Sudan,Shaigi,30,20,18,0,0.16666,0.055555,0,0,0.222215,0.39505049377499996,"Ingram et al. (2007) Hum Genet. 120, 779,corr Jones et al (2015) Hum Genet. 134, 917",
Africa,Sudan,Shillook,31.656111,9.536944,16,0,0,0,0,0,0,0,"Ranciaro et. al. (2014) Am J Hum Genet. 94, 496,  and Tishkoff et al. (2007) Nat Genet. 39, 31",
Africa,Sudan,Shokrya-Arabs,35,15,80,-,-,0.30000000000000004,0.0125,0.025,0.3375000000000001,0.5610937500000001,"Hassan et al. (2016) BMC Res Notes. 9, 8 ",
Africa,Sudan,Shwaiga-Arabs,31,18,76,-,-,0.1316,0,0.0263,0.15789999999999998,0.29086759,"Hassan et al. (2016) BMC Res Notes. 9, 8 ",
Africa,Sudan,Sudanese Arabs,30.55,19.88,92,0,0.13,0.076,0,0.022,0.228,0.40401600000000004,"Priehodová et al. (2014) Hum Biol. 86, 7",
Africa,Tanzania,Akie,37.383056,-5.285556,28,0.21428571428571402,0,0,0,0,0.21428571428571402,0.3826530612244894,"Ranciaro et. al. (2014) Am J Hum Genet. 94, 496,  and Tishkoff et al. (2007) Nat Genet. 39, 31",
Africa,Tanzania,Burunge,35.91667,-5.23333,36,0.382352941176471,0,0,0,0,0.382352941176471,0.6185121107266441,"Ranciaro et. al. (2014) Am J Hum Genet. 94, 496,  and Tishkoff et al. (2007) Nat Genet. 39, 31",
Africa,Tanzania,Chagga,38.05,-5.38,92,0.141304347826087,0,0,0,0,0.141304347826087,0.26264177693761825,"Jones et al. (2015) Hum Genet. 134, 917",
Africa,Tanzania,Datoga,35.168333,-3.7,8,0.625,-,0,0,0,0.625,0.859375,"Tishkoff et al. (2007) Nat Genet. 39, 31Tishkoff et al. (2007) Nat Genet. 39, 31Tishkoff et al. (2007) Nat Genet. 39, 31Tishkoff et al. (2007) Nat Genet. 39, 31Tishkoff et al. (2007) Nat Genet. 39, 31Tishkoff et al. (2007) Nat Genet. 39, 31Tishkoff et al. (2007) Nat Genet. 39, 31Tishkoff et al. (2007) Nat Genet. 39, 31Tishkoff et al. (2007) Nat Genet. 39, 31Tishkoff et al. (2007) Nat Genet. 39, 31Tishkoff et al. (2007) Nat Genet. 39, 31Tishkoff et al. (2007) Nat Genet. 39, 31Tishkoff et al. (2007) Nat Genet. 39, 31Tishkoff et al. (2007) Nat Genet. 39, 31Tishkoff et al. (2007) Nat Genet. 39, 31Tishkoff et al. (2007) Nat Genet. 39, 31",
Africa,Tanzania,Dorobo,34.888822,-6.369028,20,0.4,-,0,0,0,0.4,0.64,"Tishkoff et al. (2007) Nat Genet. 39, 31Tishkoff et al. (2007) Nat Genet. 39, 31Tishkoff et al. (2007) Nat Genet. 39, 31Tishkoff et al. (2007) Nat Genet. 39, 31Tishkoff et al. (2007) Nat Genet. 39, 31Tishkoff et al. (2007) Nat Genet. 39, 31Tishkoff et al. (2007) Nat Genet. 39, 31Tishkoff et al. (2007) Nat Genet. 39, 31Tishkoff et al. (2007) Nat Genet. 39, 31Tishkoff et al. (2007) Nat Genet. 39, 31Tishkoff et al. (2007) Nat Genet. 39, 31Tishkoff et al. (2007) Nat Genet. 39, 31Tishkoff et al. (2007) Nat Genet. 39, 31Tishkoff et al. (2007) Nat Genet. 39, 31Tishkoff et al. (2007) Nat Genet. 39, 31Tishkoff et al. (2007) Nat Genet. 39, 31",
Africa,Tanzania,Fiome,35.680278,-4.423889,22,0.55,-,0,0,0,0.55,0.7975000000000001,"Tishkoff et al. (2007) Nat Genet. 39, 31Tishkoff et al. (2007) Nat Genet. 39, 31Tishkoff et al. (2007) Nat Genet. 39, 31Tishkoff et al. (2007) Nat Genet. 39, 31Tishkoff et al. (2007) Nat Genet. 39, 31Tishkoff et al. (2007) Nat Genet. 39, 31Tishkoff et al. (2007) Nat Genet. 39, 31Tishkoff et al. (2007) Nat Genet. 39, 31Tishkoff et al. (2007) Nat Genet. 39, 31Tishkoff et al. (2007) Nat Genet. 39, 31Tishkoff et al. (2007) Nat Genet. 39, 31Tishkoff et al. (2007) Nat Genet. 39, 31Tishkoff et al. (2007) Nat Genet. 39, 31Tishkoff et al. (2007) Nat Genet. 39, 31Tishkoff et al. (2007) Nat Genet. 39, 31",
Africa,Tanzania,Hadza,35.166667,-3.683333,40,0,0,0,0,0,0,0,"Ranciaro et. al. (2014) Am J Hum Genet. 94, 496,  and Tishkoff et al. (2007) Nat Genet. 39, 31",
Africa,Tanzania,Iraqw,35.378889,-3.516667,52,0.519230769230769,0,0,0,0,0.519230769230769,0.768860946745562,"Ranciaro et. al. (2014) Am J Hum Genet. 94, 496,  and Tishkoff et al. (2007) Nat Genet. 39, 31",
Africa,Tanzania,Maasai (Tanzania),34.85,-2.26667,38,0.447368421052632,0,0,0,0,0.447368421052632,0.6945983379501389,"Ranciaro et. al. (2014) Am J Hum Genet. 94, 496,  and Tishkoff et al. (2007) Nat Genet. 39, 31",
Africa,Tanzania,Mbugu,38.42697,-4.8450500000000005,60,0.310344827586207,0,0,0,0,0.310344827586207,0.5243757431629015,"Ranciaro et. al. (2014) Am J Hum Genet. 94, 496,  and Tishkoff et al. (2007) Nat Genet. 39, 31",
Africa,Tanzania,Mbugwe,35.8525,-3.785,24,0.291666666666667,0,0,0,0,0.291666666666667,0.4982638888888894,"Ranciaro et. al. (2014) Am J Hum Genet. 94, 496,  and Tishkoff et al. (2007) Nat Genet. 39, 31",
Africa,Tanzania,Pare Tanzania,38.266389,-8.566389,20,0.1,0,0,0,0,0.1,0.19000000000000003,"Ranciaro et. al. (2014) Am J Hum Genet. 94, 496,  and Tishkoff et al. (2007) Nat Genet. 39, 31",
Africa,Tanzania,Rangi,35.651389,-4.305833,70,0.30000000000000004,0,0,0,0,0.30000000000000004,0.51,"Ranciaro et. al. (2014) Am J Hum Genet. 94, 496,  and Tishkoff et al. (2007) Nat Genet. 39, 31",
Africa,Tanzania,Sambaa,38.42697,-4.8450500000000005,6,0,0,0,0,0,0,0,"Ranciaro et. al. (2014) Am J Hum Genet. 94, 496,  and Tishkoff et al. (2007) Nat Genet. 39, 31",
Africa,Tanzania,Sandawe,35.75,-5,62,0.14516129032258102,0,0,0,0,0.14516129032258102,0.26925078043704537,"Ranciaro et. al. (2014) Am J Hum Genet. 94, 496,  and Tishkoff et al. (2007) Nat Genet. 39, 31",
Africa,Uganda,Bantu,32.9833333,0.4333333,44,-,-,-,0,-,0,0,"Mulcare et al. (2004) Am J Hum Genet. 74, 1102",
Africa,Zambia,Nkoya,24.796,-14.971,32,0.031,0,0,0,0,0.031,0.061038999999999996,"Macholdt et al. (2014) Curr Biol. 24, 875",
Africa,Zambia,Tonga,26.488,-17.671,34,0,0,0,0,0,0,0,"Macholdt et al. (2014) Curr Biol. 24, 875",
Asia,Afghanistan,Pashtuns/Afghans,68.36,33.56,32,0,0,0,0.0625,0,0.0625,0.12109375,present paper,
Asia,Afghanistan,Tadjiks,68.7086111,36.1277778,80,-,-,-,0.075,-,0.075,0.144375,"Mulcare (2006) PhD thesis, UCL",
Asia,Afghanistan,Tadjiks,68.7086111,36.1277778,28,0,0,0,0.25,0,0.25,0.4375,present paper,
Asia,Afghanistan,Uzbeks,67.6391667,35.4986111,30,-,-,-,0.033330000000000005,-,0.033330000000000005,0.0655491111,"Mulcare (2006) PhD thesis, UCL",
Asia,Afghanistan,Uzbeks,67.6391667,35.4986111,54,0,0,0,0.240740740740741,0,0.240740740740741,0.4235253772290813,present paper,
Asia,Armenia,Armenians,45.038189,40.069099,88,-,-,-,0.011,-,0.011,0.021879,"Mulcare (2006) PhD thesis, UCL",
Asia,Armenia,Armenians,45.038189,40.069099,102,0,0,0,0.17647058823529402,0,0.17647058823529402,0.32179930795847733,present paper,
Asia,Azerbaijan,Azeri,47.576927,40.143105,80,0,0,0,0.0125,0,0.0125,0.02484375,"present paper, Mulcare (2006) PhD thesis, UCL",
Asia,Cambodia,Cambodian,104.9166667,11.55,22,-,-,-,0,-,0,0,"Bersaglieri et al. (2004) Am J Hum Genet. 74, 1111",
Asia,China,Dai,102.832861,24.880182,20,-,-,-,0,-,0,0,"Bersaglieri et al. (2004) Am J Hum Genet. 74, 1111",
Asia,China,Daur,87.616961,43.825652,20,-,-,-,0.05,-,0.05,0.0975,"Bersaglieri et al. (2004) Am J Hum Genet. 74, 1111",
Asia,China,Han,104.208347,34.861786,90,-,-,-,0,-,0,0,"Bersaglieri et al. (2004) Am J Hum Genet. 74, 1111",
Asia,China,Han,104.208347,34.861786,200,-,-,-,0,-,0,0,"Enattah et al. (2007) Am J Hum Genet. 81, 615",
Asia,China,Han,115.51665,25.65102,20,0,0,0,0,0,0,0,"Ranciaro et al. (2014) Am J Hum Genet. 94, 496",
Asia,China,Han (coord da Floyd. Coriell),115.51665,25.65102,20,0,0,0,0,0,0,0,"Ranciaro et al. (2014) Am J Hum Genet. 94, 496",
Asia,China,Hezhen,132.5,47.7,20,-,-,-,0,-,0,0,"Bersaglieri et al. (2004) Am J Hum Genet. 74, 1111",
Asia,China,Hezhen,132.5,47.7,154,-,-,-,0,-,0,0,"Sun et al. (2007) Asia Pac J Clin Nutr. 16, 598",
Asia,China,Hezhen,132.5,47.7,196,0,-,0,-,0,0,0,"Xu et al. (2010) Scand J Gastroentero. 45, 168",
Asia,China,Kazak,81.3,43.9,188,-,-,-,0.0478723,-,0.0478723,0.09345284289271,"Sun et al. (2007) Asia Pac J Clin Nutr. 16, 598",
Asia,China,Kazak,81.3,43.9,194,0,-,0,-,0,0,0,"Xu et al. (2010) Scand J Gastroentero. 45, 168",
Asia,China,Lahu,102.832861,24.880182,20,-,-,-,0,-,0,0,"Bersaglieri et al. (2004) Am J Hum Genet. 74, 1111",
Asia,China,Man,123.2,40.2,130,-,-,-,0,-,0,0,"Sun et al. (2007) Asia Pac J Clin Nutr. 16, 598",
Asia,China,Man (Manchu),123.2,40.2,216,0,-,0,-,0,0,0,"Xu et al. (2010) Scand J Gastroentero. 45, 168",
Asia,China,Miaozu,106.630154,26.647661,20,-,-,-,0,-,0,0,"Bersaglieri et al. (2004) Am J Hum Genet. 74, 1111",
Asia,China,Mongols,119.7,29.2,20,-,-,-,0.1,-,0.1,0.19000000000000003,"Bersaglieri et al. (2004) Am J Hum Genet. 74, 1111",
Asia,China,Mongols,119.7,29.2,164,-,-,-,0.024392399999999998,-,0.024392399999999998,0.04818981082224,"Sun et al. (2007) Asia Pac J Clin Nutr. 16, 598",
Asia,China,Mongols,119.7,29.2,212,0,-,0,-,0,0,0,"Xu et al. (2010) Scand J Gastroentero. 45, 168",
Asia,China,Naxi,100.22776,26.855059,20,-,-,-,0,-,0,0,"Bersaglieri et al. (2004) Am J Hum Genet. 74, 1111",
Asia,China,Northern Han,126.534536,45.803546,138,0,-,0,-,0,0,0,"Xu et al. (2010) Scand J Gastroentero. 45, 168",
Asia,China,Oroqen,131,53.5,20,-,-,-,0,-,0,0,"Bersaglieri et al. (2004) Am J Hum Genet. 74, 1111",
Asia,China,Oroqen,131,53.5,90,-,-,-,0.011111111100000001,-,0.011111111100000001,0.02209876541012346,"Sun et al. (2007) Asia Pac J Clin Nutr. 16, 598",
Asia,China,Oroqen,131,53.5,136,0,-,0,-,0,0,0,"Xu et al. (2010) Scand J Gastroentero. 45, 168",
Asia,China,She,119.64777,27.08812,20,-,-,-,0,-,0,0,"Bersaglieri et al. (2004) Am J Hum Genet. 74, 1111",
Asia,China,Tibetans (Nagqu),92.066667,31.483333,418,0,-,0,0,0,0,0,"Peng et al. (2012) J Hum Genet. 57, 394",
Asia,China,Tibetans (Shigatse),88.883333,29.266666999999998,572,0,-,0,0,0,0,0,"Peng et al. (2012) J Hum Genet. 57, 394",
Asia,China,Tu,101.778228,36.617144,20,-,-,-,0,-,0,0,"Bersaglieri et al. (2004) Am J Hum Genet. 74, 1111",
Asia,China,Tujia,112.938794,28.228225,20,-,-,-,0,-,0,0,"Bersaglieri et al. (2004) Am J Hum Genet. 74, 1111",
Asia,China,Uygur,87.616823,43.825645,20,-,-,-,0.05,-,0.05,0.0975,"Bersaglieri et al. (2004) Am J Hum Genet. 74, 1111",
Asia,China,Xibo,123.426351,41.805982,18,-,-,-,0,-,0,0,"Bersaglieri et al. (2004) Am J Hum Genet. 74, 1111",
Asia,China,Yizu,103.765568,29.552106,20,-,-,-,0,-,0,0,"Bersaglieri et al. (2004) Am J Hum Genet. 74, 1111",
Asia,Georgia,Georgians,43.351631,42.31689,108,0,0,0,0.0754716981132075,0,0.0754716981132075,0.14524741901032387,present paper,
Asia,India,Andaman and Nicobar Islands,92.8,12.5,68,0,0,0,0.015,0,0.015,0.029775,"Galego Romero et al. (2012) Mol Biol Evol. 29, 249",
Asia,India,Central,79.45,23.84,358,0,0,0,0.056,0,0.056,0.108864,"Galego Romero et al. (2012) Mol Biol Evol. 29, 249",
Asia,India,Dawoodi Bohra (Gujarat),71.192694,22.258843,100,0,-,0,0.11,0,0.11,0.2079,"Easwaarkanth et al. (2009) Eur J Hum Genet. 18, 354",
Asia,India,Dawoodi Bohra (Tamil Nadu),78.656894,11.127122,124,0,-,0,0.137,0,0.137,0.255231,"Easwaarkanth et al. (2009) Eur J Hum Genet. 18, 354",
Asia,India,East,85.023889,20.797222,620,0,0,0,0.018000000000000002,0,0.018000000000000002,0.035676,"Galego Romero et al. (2012) Mol Biol Evol. 29, 249",
Asia,India,Indian Shia,80.098187,27.570589,142,0,-,0,0.095,0,0.095,0.18097500000000002,"Easwaarkanth et al. (2009) Eur J Hum Genet. 18, 354",
Asia,India,Indian Sunni,80.098187,27.570589,164,0,-,0,0.10200000000000001,0,0.10200000000000001,0.19359600000000002,"Easwaarkanth et al. (2009) Eur J Hum Genet. 18, 354",
Asia,India,Iranian Shia,80.098187,17.047762,98,0,-,0,0.041,0,0.041,0.080319,"Easwaarkanth et al. (2009) Eur J Hum Genet. 18, 354",
Asia,India,Mappla,78.656894,11.127122,124,0,-,0,0.016,0,0.016,0.031744,"Easwaarkanth et al. (2009) Eur J Hum Genet. 18, 354",
Asia,India,North,76.78,30.75,580,0,0,0,0.159,0,0.159,0.292719,"Galego Romero et al. (2012) Mol Biol Evol. 29, 249",
Asia,India,North,77.2,28.6,120,0,0,0,0.2,0,0.2,0.3600000000000001,"present paper, Mulcare (2006) PhD thesis, UCL",
Asia,India,North (Lucknow),80.946683,26.846511,154,0,-,0,0.19480509999999998,0,0.19480509999999998,0.35166117301398997,"Babu et al. (2010) Am J Clin Nutr. 91, 140",
Asia,India,North East,95,27.48,278,0,0,0,0.007,0,0.007,0.013951,"Galego Romero et al. (2012) Mol Biol Evol. 29, 249",
Asia,India,South,77.566667,12.966667,1728,0,0,0.00752314814814815,0.085,0,0.09252314814814816,0.17648576335305216,"Galego Romero et al. (2012) Mol Biol Evol. 29, 249",
Asia,India,South,80.2833333,13.0833333,102,0,0,0,0.11764705882352901,0,0.11764705882352901,0.22145328719723112,present paper,
Asia,India,South-Indian (Bangalore),77.594561,12.971602,152,0,-,0,0.0657894,0,0.0657894,0.12725055484764,"Babu et al. (2010) Am J Clin Nutr. 91, 140",
Asia,India,West,73.68,24.58,936,0,0,0,0.213,0,0.213,0.380631,"Galego Romero et al. (2012) Mol Biol Evol. 29, 249",
Asia,Japan,Japanese,138.58,35.65,62,-,-,-,0,-,0,0,"Bersaglieri et al. (2004) Am J Hum Genet. 74, 1111",
Asia,Japan,Japanese from Osaka,138.241656,36.205618,84,0,0,0,0,0,0,0,present paper,
Asia,Mongolia,Khalka,99.046642,47.380101,114,0,0,0,0.0263157894736842,0,0.0263157894736842,0.05193905817174513,present paper,
Asia,Mongolia,Mongols,106.9166667,47.9166667,52,0,0,0,0.0384615384615385,0,0.0384615384615385,0.07544378698224859,present paper,
Asia,Nepal,Nepalese,84.123631,28.394908,38,0,0,0,0.342105263157895,0,0.342105263157895,0.5671745152354575,present paper,
Asia,Nepal,Tharu,80.897455,28.831522,80,0,0,0,0.17500000000000002,0,0.17500000000000002,0.319375,present paper,
Asia,Pakistan,Balochi,67.019672,30.209572,50,-,-,-,0.36,-,0.36,0.5904,"Bersaglieri et al. (2004) Am J Hum Genet. 74, 1111",
Asia,Pakistan,Balti,74.593192,35.952035,46,-,-,-,0,-,0,0,"Enattah et al. (2007) Am J Hum Genet. 81, 615",
Asia,Pakistan,Baluch,65.093911,28.49092,38,-,-,-,0.34,-,0.34,0.5644,"Enattah et al. (2007) Am J Hum Genet. 81, 615",
Asia,Pakistan,Brahui,67.019672,30.209572,50,-,-,-,0.34,-,0.34,0.5644,"Bersaglieri et al. (2004) Am J Hum Genet. 74, 1111",
Asia,Pakistan,Brahui,67.019672,30.209572,60,-,-,-,0.27,-,0.27,0.4671,"Enattah et al. (2007) Am J Hum Genet. 81, 615",
Asia,Pakistan,Burusho,74.593192,35.952035,50,-,-,-,0.1,-,0.1,0.19000000000000003,"Bersaglieri et al. (2004) Am J Hum Genet. 74, 1111",
Asia,Pakistan,Burusho,74.593192,35.952035,60,-,-,-,0.02,-,0.02,0.039599999999999996,"Enattah et al. (2007) Am J Hum Genet. 81, 615",
Asia,Pakistan,Hazara,65.64355,28.47849,24,0,0.01,0,0,0,0.01,0.0199,"Ranciaro et al. (2014) Am J Hum Genet. 94, 496",
Asia,Pakistan,Hazara,67.019672,30.209572,50,-,-,-,0.08,-,0.08,0.1536,"Bersaglieri et al. (2004) Am J Hum Genet. 74, 1111",
Asia,Pakistan,Hazara,67.019672,30.209572,28,-,-,-,0.04,-,0.04,0.0784,"Enattah et al. (2007) Am J Hum Genet. 81, 615",
Asia,Pakistan,Kalash,71.780041,35.839377999999996,50,-,-,-,0,-,0,0,"Bersaglieri et al. (2004) Am J Hum Genet. 74, 1111",
Asia,Pakistan,Kalash,71.780883,35.838625,60,-,-,-,0,-,0,0,"Enattah et al. (2007) Am J Hum Genet. 81, 615",
Asia,Pakistan,Kalash, 71.68,35.78472,32,0,0.01,0,0,0,0.01,0.0199,"Ranciaro et al. (2014) Am J Hum Genet. 94, 496",
Asia,Pakistan,Kashmiri,73.935978,33.886664,40,-,-,-,0.12,-,0.12,0.2256,"Enattah et al. (2007) Am J Hum Genet. 81, 615",
Asia,Pakistan,Makrani  ,67.019672,30.209572,50,-,-,-,0.34,-,0.34,0.5644,"Bersaglieri et al. (2004) Am J Hum Genet. 74, 1111",
Asia,Pakistan,Makrani Baluch,68.033975,26.270902,58,-,-,-,0.17,-,0.17,0.3111,"Enattah et al. (2007) Am J Hum Genet. 81, 615",
Asia,Pakistan,Mohannes,68,26,58,-,-,-,0.28,-,0.28,0.48160000000000003,"Enattah et al. (2007) Am J Hum Genet. 81, 615",
Asia,Pakistan,Parsi,68,26,58,-,-,-,0.14,-,0.14,0.2604,"Enattah et al. (2007) Am J Hum Genet. 81, 615",
Asia,Pakistan,Pathan,69.859741,32.667476,50,-,-,-,0.30000000000000004,-,0.30000000000000004,0.51,"Bersaglieri et al. (2004) Am J Hum Genet. 74, 1111 ",
Asia,Pakistan,Pathan,69.859741,32.667476,56,-,-,-,0.30000000000000004,-,0.30000000000000004,0.51,"Enattah et al. (2007) Am J Hum Genet. 81, 615",
Asia,Pakistan,Sindhi,67.028062,24.893501,50,-,-,-,0.32,-,0.32,0.5376,"Bersaglieri et al. (2004) Am J Hum Genet. 74, 1111",
Asia,Pakistan,Sindhi,67.028062,24.893501,56,-,-,-,0.41,-,0.41,0.6519,"Enattah et al. (2007) Am J Hum Genet. 81, 615",
Asia,Russia,Daghestans mixed,47.123,42.826,46,-,-,-,0.13,-,0.13,0.2431,"Enattah et al. (2007) Am J Hum Genet. 81, 615",
Asia,Russia,Druss,47.123,42.826,34,-,-,-,0.12,-,0.12,0.2256,"Enattah et al. (2007) Am J Hum Genet. 81, 615",
Asia,Russia,Nenets,49,66,178,-,-,-,0.073033,-,0.073033,0.14073218091099998,"Khabarova et al. (2012) Int J Circumpol Heal. 71, 1",
Asia,Russia,Nog,47.123,42.826,40,-,-,-,0.07,-,0.07,0.1351,"Enattah et al. (2007) Am J Hum Genet. 81, 615",
Asia,Russia,North-Yakuts,146.185738,70.774202,22,0,0,0,0.13636363636363602,0,0.13636363636363602,0.25413223140495805,present paper,
Asia,Russia,Ob-Ugric,68,65,40,-,-,-,0.03,-,0.03,0.05909999999999999,"Enattah et al. (2007) Am J Hum Genet. 81, 615",
Asia,Russia,Udmurts,53.183316,56.833333,60,-,-,-,0.33,-,0.33,0.5511,"Enattah et al. (2007) Am J Hum Genet. 81, 615",
Asia,Russia,Yakuts,129.733331,62.033333,110,0,0,0,0.0545454545454545,0,0.0545454545454545,0.10611570247933877,present paper,
Asia,Russia,Yakuts,129.733333,62.033333,50,-,-,-,0.06,-,0.06,0.11639999999999999,"Bersaglieri et al. (2004) Am J Hum Genet. 74, 1111",
Asia,Singapore,Han-Chinese,104.208348,35.861786,98,0,0,0,0.0408163265306122,0,0.0408163265306122,0.07996668054977085,present paper,
Asia,South Korea,South Korean,127,35.566,46,-,-,-,0,-,0,0,"Enattah et al. (2007) Am J Hum Genet. 81, 615",
Asia,"Syria, Iraq, Lebanon, West Bank",Arabs,40,33,40,0,-,0.105,0.13,0,0.235,0.414775,"Enattah et al. (2008) Am J Hum Genet. 82, 57",
Asia,Uzbekistan,Kazakh,63.45611111111111,40.129722,166,-,-,-,0.1566265,-,0.1566265,0.28872113949774997,"Heyer et al. (2011) Hum Biol. 83, 379 ",
Asia,Uzbekistan,Tajiko-Uzbek,64.421275,39.76571388888889,200,-,-,-,0.1,-,0.1,0.19000000000000003,"Heyer et al. (2011) Hum Biol. 83, 379 ",
Asia,Uzbekistan,Uzbeks,64.585261,41.377491,76,0,0,0,0.0394736842105263,0,0.0394736842105263,0.07738919667590025,present paper,
AustalAsia,Papua New Guinea,Papuan,140.711092,-5.092566,34,-,-,-,0,-,0,0,"Bersaglieri et al. (2004) Am J Hum Genet. 74, 1111",
AustralAsia,Solomon Islands,Melanesian (NAN),150,-6.053585,44,-,-,-,0,-,0,0,"Bersaglieri et al. (2004) Am J Hum Genet. 74, 1111",
Europe,Belarus,Belarusians,27.953446,53.709631,100,0,0,0,0.23,0,0.23,0.4071,present paper,
Europe,England (Central),British,-2.755327,52.707303,1368,-,-,-,0.759,-,0.759,0.9419190000000001,"Davey Smith et al. (2009) Eur J Hum Genet. 17, 357",
Europe,England (Northern),British,-1.541815,53.992123,2336,-,-,-,0.751,-,0.751,0.937999,"Davey Smith et al. (2009) Eur J Hum Genet. 17, 357",
Europe,England (Southeastern),British,-0.5700000000000001,51.22,1894,-,-,-,0.6980000000000001,-,0.6980000000000001,0.908796,"Davey Smith et al. (2009) Eur J Hum Genet. 17, 357",
Europe,Estonia,Estonians,26.4025,59.047778,628,0,-,0,0.514,0,0.514,0.7638039999999999,"Lember (2006) World J Gastroentero. 12, 7329.",
Europe,Finland,Finns ,28,65,1876,0,-,0,0.5750000000000001,0,0.5750000000000001,0.819375,"Enattah et al. (2008) Am J Hum Genet. 82, 57",
Europe,Finland,Saami,26.193792,68.258009,60,-,-,-,0.17,-,0.17,0.3111,"Enattah et al. (2007) Am J Hum Genet. 81, 615",
Europe,Finland and Sweden,Scandinavians,16,60,360,-,-,-,0.8150000000000001,-,0.8150000000000001,0.965775,"Bersaglieri et al. (2004) Am J Hum Genet. 74, 1111",
Europe,Finns,"Finns, eastern",29,65,154,-,-,-,0.55,-,0.55,0.7975000000000001,"Enattah et al. (2007) Am J Hum Genet. 81, 615",
Europe,Finns,"Finns, western",24,64,308,-,-,-,0.62,-,0.62,0.8556,"Enattah et al. (2007) Am J Hum Genet. 81, 615",
Europe,France,Basques,-1.454917,43.395495,48,-,-,-,0.667,-,0.667,0.889111,"Bersaglieri et al. (2004) Am J Hum Genet. 74, 1111",
Europe,France,Basques,-1.454917,43.395495,170,-,-,-,0.66,-,0.66,0.8844000000000001,"Enattah et al. (2007) Am J Hum Genet. 81, 615",
Europe,France,French,2.21821,46.231819,58,-,-,-,0.431,-,0.431,0.6762389999999999,"Bersaglieri et al. (2004) Am J Hum Genet. 74, 1111 ",
Europe,France,French,2.21821,46.231819,34,-,-,-,0.34,-,0.34,0.5644,"Enattah et al. (2007) Am J Hum Genet. 81, 615",
Europe,Germany,Germans,10.451526,51.165691,60,0,0,0,0.55,0,0.55,0.7975000000000001,"present paper, Mulcare (2006) PhD thesis, UCL",
Europe,Germany,Sorbs,14.310992,51.259172,64,0,0,0,0.5,0,0.5,0.75,present paper,
Europe,Greece,Greeks,21.834089,39.072309,200,-,-,-,0.09,-,0.09,0.1719,"Anagnostou et al. (2009) Am J Hum Biol. 21, 217",
Europe,Greece,Greeks,21.834089,39.072309,120,0,0,0,0.15,0,0.15,0.2775,"present paper, Mulcare (2006) PhD thesis, UCL",
Europe,Hungary,Hungarian,20.1666667,46.25,220,-,-,-,0.622,-,0.622,0.857116,"Nagy et al. (2009) Eur J Clin Nutr. 63, 909.",
Europe,Hungary,Hungarian,20.1666667,46.25,362,-,-,-,0.359116,-,0.359116,0.589267698544,"Nagy et al. (2011) Am J Phys Anthr. 145, 262.",
Europe,Ireland,Irish,-7.999693,53.332721,68,0,0,0,0.9558823529411761,0,0.9558823529411761,0.9980536332179931,"present paper, Mulcare (2006) PhD thesis, UCL",
Europe,Italy,Central,12.4833333,41.9,196,-,-,-,0.112,-,0.112,0.211456,"Anagnostou et al. (2009) Am J Hum Biol. 21, 217",
Europe,Italy,Central ,12.48,41.9,440,-,-,-,0.14,-,0.14,0.2604,"Zadro et al.  (2017) Minerva Gastrenterol e Dietol. 63, 264",
Europe,Italy,Central-North,11.25,43.7666667,412,-,-,-,0.133,-,0.133,0.24831100000000003,"Anagnostou et al. (2009) Am J Hum Biol. 21, 217",
Europe,Italy,Italians,13.913056,42.215003,134,-,-,-,0.126856,-,0.126856,0.237619555264,"Coelho et al. (2005) Hum Genet. 117, 329",
Europe,Italy,Italians (from rome),12.4793,41.9035,36,0,0,0,0.0833333333333333,0,0.0833333333333333,0.15972222222222218,"Ranciaro et al. (2014) Am J Hum Genet. 94, 496",
Europe,Italy,North Italian,9.67727,45.698264,28,-,-,-,0.357,-,0.357,0.586551,"Bersaglieri et al. (2004) Am J Hum Genet. 74, 1111 ",
Europe,Italy,North-Eastern,12.27,45.6,438,-,-,-,0.23700000000000002,-,0.23700000000000002,0.41783100000000006,"Anagnostou et al. (2009) Am J Hum Biol. 21, 217",
Europe,Italy,Northern,10,45.7,1832,-,-,-,0.23,-,0.23,0.4071,"Zadro et al.  (2017) Minerva Gastrenterol e Dietol. 63, 264",
Europe,Italy,S. European*,12.483,41.9,66,0,0,0,0.091,0,0.091,0.173719,"Ingram et al. (2007) Hum Genet. 120, 779",
Europe,Italy,Sardinian,9.1166667,39.2166667,306,-,-,-,0.07200000000000001,-,0.07200000000000001,0.138816,"Anagnostou et al. (2009) Am J Hum Biol. 21, 217",
Europe,Italy,Sardinian,9.1166667,39.2166667,56,-,-,-,0.07100000000000001,-,0.07100000000000001,0.136959,"Bersaglieri et al. (2004) Am J Hum Genet. 74, 1111 ",
Europe,Italy,Sardinian,9.12,39.22,42,-,-,-,0.18,-,0.18,0.3276,"Zadro et al.  (2017) Minerva Gastrenterol e Dietol. 63, 264",
Europe,Italy,South Italians,16.25,39.3,200,-,-,-,0.05,-,0.05,0.0975,"Enattah et al. (2007) Am J Hum Genet. 81, 615",
Europe,Italy,Southern,16.25,39.3,378,-,-,-,0.08,-,0.08,0.1536,"Anagnostou et al. (2009) Am J Hum Biol. 21, 217",
Europe,Italy,Southern,16.25,39.3,310,-,-,-,0.18,-,0.18,0.3276,"Zadro et al.  (2017) Minerva Gastrenterol e Dietol. 63, 264",
Europe,Italy,Tuscan,10.98024,43.566331,16,-,-,-,0.063,-,0.063,0.12203100000000001,"Bersaglieri et al. (2004) Am J Hum Genet. 74, 1111",
Europe,Italy,Tyroleans Bozen,11.354708,46.498316,80,0,0,0,0.15,0,0.15,0.2775,present paper,
Europe,Italy,Tyroleans Gadertal,11.9166667,46.7166667,76,0,0,0,0.421052631578947,0,0.421052631578947,0.6648199445983376,present paper,
Europe,Italy,Tyroleans Vinschgau,10.7666667,46.6333333,102,0,0,0,0.362745098039216,0,0.362745098039216,0.5939061899269517,present paper,
Europe,Macedonia,Macedonians,21.745304,41.608637,100,0,0,0,0.24,0,0.24,0.4224,present paper,
Europe,Mixed,N. European,15,54,110,0,0,0,0.618,0,0.618,0.8540760000000001,"Ingram et al. (2007) Hum Genet. 120, 779",
Europe,Netherlands,Dutch,5.86,51.82,92,-,-,0,0.598,0,0.598,0.8383959999999999,"Hassan et al. (2016) BMC Res Notes. 9, 8 ",
Europe,Netherlands,Frisians,5.799935,53.2013,58,0,0,0,0.8103448275862071,0,0.8103448275862071,0.9640309155766944,present paper,
Europe,Norway,Norwegians,8.468945,60.472025,88,0,0,0,0.840909090909091,0,0.840909090909091,0.9746900826446281,present paper,
Europe,Poland,Ashkenazi-Jews,21,52.25,96,-,-,-,0.0833333,-,0.0833333,0.15972216111110998,"Mulcare (2006) PhD thesis, UCL",
Europe,Poland,Polish,19.145136,51.919438,400,-,-,-,0.46,-,0.46,0.7084000000000001,"Madry et al. (2010) Acta Biochim Pol. 57, 585",
Europe,Poland,Polish,19.145136,51.919438,446,-,-,0,0.295964,0,0.295964,0.504333310704,"Płoszaj et al. (2011) Cent Eur J Biol. 6, 176.",
Europe,Portugal,Central/northern Portuguese,-8.4103,40.203,894,-,-,-,0.4016,0,0.4016,0.6419174400000001,"Manco et al. (2017) Eur J Clin Nutr. 71, 21",
Europe,Portugal,Portuguese,-8.224454,39.399872,96,0,0,0,0.4375,0,0.4375,0.68359375,present paper,
Europe,Portugal,Portuguese-Centre,-7.50487,40.28154,140,-,-,-,0.393,-,0.393,0.631551,"Manco et al. (2012) Ann Hum Biol. 40, 205.",
Europe,Portugal,Portuguese-North,-8.418422,41.551781,180,-,-,-,0.3666666666,-,0.3666666666,0.5988888888044445,"Coelho et al. (2005) Hum Genet. 117, 329",
Europe,Portugal,Portuguese-North,-8.418422,41.551781,128,-,-,-,0.383,-,0.383,0.619311,"Manco et al. (2012) Ann Hum Biol. 40, 205.",
Europe,Portugal,Portuguese-South,-7.828637,38.51701,130,-,-,-,0.269,-,0.269,0.465639,"Manco et al. (2012) Ann Hum Biol. 40, 205.",
Europe,Romania,Romanians,24.966812,45.94317,118,0,0,0,0.169491525423729,0,0.169491525423729,0.3102556736569954,present paper,
Europe,Romania (Eastern Trasylvania),Seklers,25.78694,45.86391,130,-,-,-,0.4,-,0.4,0.64,"Nagy et al. (2011) Am J Phys Anthr. 145, 262.",
Europe,Russia,Erzya,43.584157,54.212315,60,-,-,-,0.27,-,0.27,0.4671,"Enattah et al. (2007) Am J Hum Genet. 81, 615",
Europe,Russia,Erzya,43.584157,54.212315,42,0,0,0,0.14285714285714302,0,0.14285714285714302,0.26530612244897983,present paper,
Europe,Russia,Moksha,44.068397,54.236944,60,-,-,-,0.28,-,0.28,0.48160000000000003,"Enattah et al. (2007) Am J Hum Genet. 81, 615",
Europe,Russia,Moksha,44.068397,54.236944,32,0,0,0,0.40625000000000006,0,0.40625000000000006,0.6474609375000001,present paper,
Europe,Russia,Russian,37.6155556,55.7522222,50,-,-,-,0.24,-,0.24,0.4224,"Bersaglieri et al. (2004) Am J Hum Genet. 74, 1111 ",
Europe,RUSSIA,Russian (Coriell),37.61556,55.75222,14,0,0,0,0.21428571428571402,0,0.21428571428571402,0.3826530612244894,"Ranciaro et al. (2014) Am J Hum Genet. 94, 496",
Europe,Russia,Russians (Northwest),40.533333,64.533333,298,0,-,0,0.38926099999999997,0,0.38926099999999997,0.626997873879,"Khabarova et al. (2009) World J Gastroentero. 15, 1849",
Europe,Russia,Russians Perm,56.248655,58.013847,46,0,0,0,0.239130434782609,0,0.239130434782609,0.42107750472589844,present paper,
Europe,Russia (Komi republic),Komi,54.831269,63.863054,20,-,-,-,0.15,-,0.15,0.2775,"Enattah et al. (2007) Am J Hum Genet. 81, 615",
Europe,Russian (Caucasus),Adygei,40.083327,44.600007,34,-,-,-,0.11800000000000001,-,0.11800000000000001,0.222076,"Bersaglieri et al. (2004) Am J Hum Genet. 74, 1111",
Europe,Scotland,British,-3.783521,56.000777,1032,-,-,-,0.8190000000000001,-,0.8190000000000001,0.967239,"Davey Smith et al. (2009) Eur J Hum Genet. 17, 357",
Europe,Spain,Catalans,1.520862,41.591159,58,0,0,0,0.25862068965517204,0,0.25862068965517204,0.45035671819262724,present paper,
Europe,Spain,Spanish,-3.7024749999999997,40.511541,1718,-,-,-,0.3859138,-,0.3859138,0.62289813896956,"Agueda et al. (2010) Caclif Tissue Int. 87, 14",
Europe,Spain,Spanish,-3.7024749999999997,40.511541,62,0,0,0,0.40322580645161304,0,0.40322580645161304,0.6438605619146724,present paper,
Europe,Sweden,Northern European (Coriell),17.63,59.85,74,0,0,0,0.6666666666666671,0,0.6666666666666671,0.8888888888888892,"Ranciaro et al. (2014) Am J Hum Genet. 94, 496",
Europe,Sweden,Sami,20.873047,67.865508,60,0,0,0,0.29310344827586204,0,0.29310344827586204,0.5002972651605231,present paper,
Europe,Sweden,Swedes,15.006519,60.027205,784,-,-,-,0.737244897959184,-,0.737244897959184,0.9309597563515204,"Almon et al. (2007) Scand J Gastroenterol. 42, 165",
Europe,Sweden,Swedes,15.006519,60.027205,74,0,0,0,0.777777777777778,0,0.777777777777778,0.9506172839506174,present paper,
Europe,UK,Northern European ancestry,-0.11969199999999999,51.511202,102,0,0,0,0.7450980392156861,0,0.7450980392156861,0.9350249903883121,"present paper, Mulcare (2006) PhD thesis, UCL",
Europe,UK,Orcadian (Orkney Islands),-3.149807,59.041749,32,-,-,-,0.6880000000000001,-,0.6880000000000001,0.9026560000000001,"Bersaglieri et al. (2004) Am J Hum Genet. 74, 1111",
Europe,Ukraine,Ukrainians,31.16558,48.379433,92,-,-,-,0.21739130434782603,-,0.21739130434782603,0.3875236294896029,"Mulcare (2006) PhD thesis, UCL",
Europe,Ukraine,Ukrainians,31.16558,48.379433,74,0,0,0,0.256756756756757,0,0.256756756756757,0.44758948137326554,present paper,
Middle East,Cyprus,Greek-Cypriots,33.022598,34.707217,120,0,0,0,0.00833333333333333,0,0.00833333333333333,0.016597222222222215,present paper,
Middle East,Iran,Iranians,53.688046,32.427908,42,-,-,-,0.1,-,0.1,0.19000000000000003,"Enattah et al. (2007) Am J Hum Genet. 81, 615",
Middle East,Iran,Iranians,53.688046,32.427908,42,0,-,0,0.1,0,0.1,0.19000000000000003,"Enattah et al. (2008) Am J Hum Genet. 82, 57",
Middle East,Iran,Iranians,53.688046,32.427908,154,0,0,0.0064935064935064905,0.0324675324675325,0,0.03896103896103899,0.07640411536515439,"present paper, Mulcare (2006) PhD thesis, UCL",
Middle East,Iran,Qashqai,52.533901,29.616538,20,-,-,-,0.05,-,0.05,0.0975,"Enattah et al. (2007) Am J Hum Genet. 81, 615",
Middle East,Israel,Ashkenazi-Jews,34.767,32.067,192,-,-,-,0.09375000000000001,-,0.09375000000000001,0.17871093750000003,"Raz et al. (2013) Gene. 519, 67.",
Middle East,Israel,Bedouin Arabs,34.767,32.067,302,-,-,0.2786885,0.016556291,-,0.295244791,0.5033200953873663,"Raz et al. (2013) Gene. 519, 67.",
Middle East,Israel,Bedouin Israeli,34.767,32.067,38,0,0,0.132,0.026000000000000002,0,0.158,0.29103599999999996,"Ingram et al. (2007) Hum Genet. 120, 779",
Middle East,Israel,Druze,34.767,32.067,28,0,0,0.107,0.036000000000000004,0,0.14300000000000002,0.26555100000000004,"Ingram et al. (2007) Hum Genet. 120, 779",
Middle East,Israel,Iraqi Jews,34.767,32.067,192,-,-,-,0.036458,-,0.036458,0.071586814236,"Raz et al. (2013) Gene. 519, 67.",
Middle East,Israel,Moroccan,34.767,32.067,192,-,-,-,0.09375000000000001,-,0.09375000000000001,0.17871093750000003,"Raz et al. (2013) Gene. 519, 67.",
Middle East,Israel,Urban Arabs,34.767,32.067,162,0,0,0.05555,0,0,0.05555,0.1080141975,"Ingram et al. (2007) Hum Genet. 120, 779",
Middle East,Israel,Urban Arabs,34.767,32.067,84,0,0.0119,0.0119,0.023809,0,0.047609,0.09295138311899999,present paper,
Middle East,Israel/PAA,Palestinian Arabs,35.2,31.9,36,0,0,0,0,0,0,0,"Ingram et al. (2007) Hum Genet. 120, 779",
Middle East,Israel/PAA,Palestinians,34.46667,31.5,44,0,0.01,0.0454545454545455,0.0227272727272727,0,0.0781818181818182,0.1502512396694215,"Ranciaro et al. (2014) Am J Hum Genet. 94, 496",
Middle East,Jordan,Jordanian,35.933,31.95,112,0,-,0.054,0.054,0,0.108,0.20433600000000002,"Enattah et al. (2008) Am J Hum Genet. 82, 57",
Middle East,Jordan,Jordanian,36.239368,30.585245,46,0,0,0.34782,0,0,0.34782,0.5746612476,"Ingram et al. (2007) Hum Genet. 120, 779",
Middle East,Kurwait,Ajman,48.00102,28.826989,74,0,-,0.058,0.001,0,0.059000000000000004,0.114519,"Hill et al. (2013) Am J Phys Anthr. 152, 140",
Middle East,Kuwait,Kuwaiti,47.481649,29.311718,66,0,0.0151515,0.25,0.0303030303030303,0,0.29545453030303026,0.5036156811294763,present paper,
Middle East,Kuwait,Mutran,47.941615,29.242839,58,0,-,0.55,0,0.03,0.5800000000000001,0.8236000000000001,"Hill et al. (2013) Am J Phys Anthr. 152, 140",
Middle East,Lebanon,Lebanese,35.49442,33.88894,48,0,0.01,0,0.0416666666666667,0,0.0516666666666667,0.10066388888888894,"Ranciaro et al. (2014) Am J Hum Genet. 94, 496",
Middle East,Oman,Arabs of Northern Oman,57.011168,23.884702,684,0,-,0.136,0.013000000000000001,0,0.14900000000000002,0.27579900000000007,"Al-Abri et al. (2012) Hum Biol. 84, 271",
Middle East,Oman,Dhofaris Arabs of Southern Oman,54.434214,18.397035,420,0,-,0.724,0,0,0.724,0.923824,"Al-Abri et al. (2012) Hum Biol. 84, 271",
Middle East,Oman,Omani,58.504111,23.532986,104,0,-,0.7692307690000001,0.028846153000000003,0,0.7980769220000001,0.959227070571006,"Al-Abri et al. (2013) Oman Med J. 28, 341",
Middle East,Saudi Arabia,Bedouin,45,23,94,0,0,0.47872000000000003,0,0,0.47872000000000003,0.7282671616,"Ingram et al. (2007) Hum Genet. 120, 779",
Middle East,Saudi Arabia,Central ,46.724081,24.711723,180,0,-,0.60555555,0,0,0.60555555,0.8444135758641975,"Imtiaz et al. (2007) J Med Genet. 44, e89",
Middle East,Saudi Arabia,Eastern ,50.679377,22.29545,164,0,-,0.615853658,0,0,0.615853658,0.8524315879280191,"Imtiaz et al. (2007) J Med Genet. 44, e89",
Middle East,Saudi Arabia,Northern,39.320624,29.887356,164,0,-,0.524390243,0.006097560976,0,0.530487803976,0.7795582977847211,"Imtiaz et al. (2007) J Med Genet. 44, e89",
Middle East,Saudi Arabia,Southern,44.132291,17.491734,184,0,-,0.576086956,0,0,0.576086956,0.8202977311266542,"Imtiaz et al. (2007) J Med Genet. 44, e89",
Middle East,Saudi Arabia,Western,39.816667,21.416667,172,0,-,0.645348837,0.005813953488,0,0.651162790488,0.878312601259881,"Imtiaz et al. (2007) J Med Genet. 44, e89",
Middle East,Saudi Arabia ,Arabs,45,23,248,0,-,0.5700000000000001,0.004,0.008,0.5820000000000001,0.8252760000000001,"Enattah et al. (2008) Am J Hum Genet. 82, 57",
Middle East,Syria,Assyrians,36.3,33.5,80,-,-,-,0.038,-,0.038,0.074556,"Mulcare (2006) PhD thesis, UCL",
Middle East,Syria,Syrians,38.996676,34.802153,140,0,0,0.0285714285714286,0.0214285714285714,0,0.05,0.0975,present paper,
Middle East,Turkey,Anatolian-Turks,31.334517,38.988379,98,-,-,-,0.0306122448979592,-,0.0306122448979592,0.060287380258225776,"Mulcare (2006) PhD thesis, UCL",
Middle East,Turkey,Anatolian-Turks,31.334517,38.988379,116,0,0,0,0.0775862068965517,0,0.0775862068965517,0.14915279429250886,present paper,
Middle East,Yemen,Yemen (judeo-yemen),44.20667,15.35472,46,0,0.01,0.15217391304347802,0,0,0.16217391304347803,0.29804744801512245,"Ranciaro et al. (2014) Am J Hum Genet. 94, 496",
Middle East,Yemen,Yemeni (Sana'a University),44.207457,15.352031,478,0,-,0.548,0.002,0,0.55,0.7975000000000001,"Al-Abri et al. (2012) Hum Biol. 84, 271",
Middle East,Yemen,Yemeni_Hadramaut,49.365315,16.930414,166,0.006024,0,0.24096385542168702,0.0180722891566265,0.0120481927710843,0.2771083373493978,0.47742764407024796,present paper,
Middle East,Yemen,Yemeni_Sena,44.207457,15.352031,68,0,0,0.29411764705882404,0.14705882352941202,0,0.44117647058823606,0.6877162629757794,present paper,
Middle East,Yemen,Yemenis 1,44.18,13.32,86,0.012,0.012,0.651,0,0,0.675,0.894375,"Priehodová et al. (2014) Hum Biol. 86, 7",
Middle East,Yemen,Yemenis 2,43,14.82,132,0.008,0,0.591,0,0.015,0.614,0.851004,"Priehodová et al. (2014) Hum Biol. 86, 7",
Middle East,Yemen,Yemenis 3,43.6,15.7,68,0,0,0.618,0,0,0.618,0.8540760000000001,"Priehodová et al, (2014) Hum Biol. 86, 7",
Middle East,Yemen,Yemenis 4,48.74,15.93,80,0,0,0.263,0.038,0,0.301,0.5113989999999999,"Priehodová et al. (2014) Hum Biol. 86, 7",
Middle East,Yemen,Yemenis 5,53.85,12.5,130,0,0,0.585,0.046,0,0.631,0.863839,"Priehodová et al. (2014) Hum Biol. 86, 7",
,,,,,,,,,,,,,,
* Note that many studies did not examine all alleles (-) so that these totals may not always be meaningful,,,,,,,,,,,,,,
,,,,,,,,,,,,,,
,,,,,,,,,,,,,,
Please notify d.swallow@ucl.ac.uk of errors/updates,,,,,,,,,,,,,,
,,,,,,,,,,,,,,
,,,,,,,,,,,,,,
,,,,,,,,,,,,,,
,,,,,,,,,,,,,,
,,,,,,,,,,,,,,
,,,,,,,,,,,,,,
,,,,,,,,,,,,,,
,,,,,,,,,,,,,,
,,,,,,,,,,,,,,
,,,,,,,,,,,,,,
,,,,,,,,,,,,,,
,,,,,,,,,,,,,,
,,,,,,,,,,,,,,herders
